Suncor Énergie Inc.,Suncor Energy Inc.,344828,2015-01-27,Climate,Climate,Environment Canada
Groupe Co-operators limitée,The Co-operators Group Ltd.,347627,2015-01-21,Climate,Climate,Public Safety Canada (PS)
Groupe Co-operators limitée,The Co-operators Group Ltd.,347629,2015-02-10,Climate,Climate,Public Safety Canada (PS)
Groupe Co-operators limitée,The Co-operators Group Ltd.,348780,2015-02-24,Climate,Climate,Public Safety Canada (PS)
null,GREENPEACE CANADA,349298,2015-03-06,Climate,Climate,House of Commons
Alliance des manufacturiers et des exportateurs du Canada (MEC),Alliance of Manufacturers & Exporters Canada (CME),355883,2015-04-01,Climate,Climate,Prime Minister's Office (PMO)
null,PEMBINA INSTITUTE,355909,2015-05-01,Climate,Climate,Environment Canada
Alliance des manufacturiers et des exportateurs du Canada (MEC),Alliance of Manufacturers & Exporters Canada (CME),356474,2015-05-13,Climate,Climate,Prime Minister's Office (PMO)
Association Canadienne des Producteurs Pétroliers,Canadian Association of Petroleum Producers,361968,2015-09-02,Climate,Climate,Environment Canada
Association Canadienne des Producteurs Pétroliers,Canadian Association of Petroleum Producers,361970,2015-09-22,Climate,Climate,Environment Canada
Association Canadienne des Producteurs Pétroliers,Canadian Association of Petroleum Producers,364899,2015-11-05,Climate,Climate,Environment and Climate Change Canada
Suncor Énergie Inc.,Suncor Energy Inc.,365331,2015-11-18,Climate,Climate,Environment and Climate Change Canada
Suncor Énergie Inc.,Suncor Energy Inc.,365338,2015-11-16,Climate,Climate,Environment and Climate Change Canada
Suncor Énergie Inc.,Suncor Energy Inc.,365341,2015-11-17,Climate,Climate,House of Commons
Suncor Énergie Inc.,Suncor Energy Inc.,365342,2015-11-19,Climate,Climate,House of Commons
Suncor Énergie Inc.,Suncor Energy Inc.,365344,2015-11-19,Climate,Climate,Prime Minister's Office (PMO)
Association des produits forestiers du Canada,Forest Products Association of Canada,365482,2015-12-17,Climate,Climate,Environment and Climate Change Canada
null,Canadian Climate Forum,365542,2015-12-18,Climate,Climate,Natural Resources Canada (NRCan)
null,Canada Clean Fuels,365624,2015-12-22,Climate,Climate,Environment and Climate Change Canada
Suncor Énergie Inc.,Suncor Energy Inc.,366602,2015-12-04,Climate,Climate,House of Commons
null,Vancouver Aquarium,366606,2015-12-09,Climate,Climate,Fisheries and Oceans Canada (DFO)
null,Vancouver Aquarium,366607,2015-12-14,Climate,Climate,Fisheries and Oceans Canada (DFO)
null,GREENPEACE CANADA,366942,2015-11-23,Climate,Climate,Environment and Climate Change Canada
null,GREENPEACE CANADA,366943,2015-11-23,Climate,Climate,Global Affairs Canada
null,GREENPEACE CANADA,366944,2015-12-01,Climate,Climate,Environment and Climate Change Canada
null,GREENPEACE CANADA,366945,2015-12-02,Climate,Climate,Environment and Climate Change Canada
null,GREENPEACE CANADA,366946,2015-12-04,Climate,Climate,Environment and Climate Change Canada
null,GREENPEACE CANADA,366947,2015-12-08,Climate,Climate,Environment and Climate Change Canada
Suncor Énergie Inc.,Suncor Energy Inc.,368715,2016-01-11,Climate,Climate,Prime Minister's Office (PMO)
null,Canadian Climate Forum,369111,2016-01-14,Climate,Climate,Natural Resources Canada (NRCan)
null,Canadian Climate Forum,369119,2016-01-19,Climate,Climate,Public Safety Canada (PS)
null,Suncor Energy Inc.,369446,2016-01-28,Climate,Climate,Environment and Climate Change Canada
Association des produits forestiers du Canada,Forest Products Association of Canada,369645,2016-02-11,Climate,Climate,Environment and Climate Change Canada
null,Innergex Renewable Energy Inc.,369951,2016-02-18,Climate,Climate,Natural Resources Canada (NRCan)
null,Innergex Renewable Energy Inc.,369953,2016-02-18,Climate,Climate,Privy Council Office (PCO)
null,Innergex Renewable Energy Inc.,369954,2016-02-18,Climate,Climate,Natural Resources Canada (NRCan)
null,Innergex Renewable Energy Inc.,369957,2016-02-19,Climate,Climate,Environment and Climate Change Canada
null,Innergex Renewable Energy Inc.,369958,2016-02-19,Climate,Climate,Infrastructure Canada
null,Innergex Renewable Energy Inc.,369959,2016-02-19,Climate,Climate,Indigenous and Northern Affairs Canada
null,Innergex Renewable Energy Inc.,370029,2016-02-18,Climate,Climate,Indigenous and Northern Affairs Canada
Association des produits forestiers du Canada,Forest Products Association of Canada,370137,2016-02-23,Climate,Climate,House of Commons
null,ENMAX Corporation,371518,2016-02-26,Climate,Climate,Finance Canada (FIN)
null,Rio Tinto Aluminium,372701,2016-02-03,Climate,Climate,Global Affairs Canada
null,Rio Tinto Aluminium,372705,2016-02-03,Climate,Climate,Transport Canada (TC)
null,GREENPEACE CANADA,373029,2016-03-03,Climate,Climate,Environment and Climate Change Canada
null,GREENPEACE CANADA,373031,2016-03-15,Climate,Climate,Prime Minister's Office (PMO)
null,Rio Tinto Canada Management Inc,373477,2016-03-03,Climate,Climate,Environment and Climate Change Canada
A L'action,LeadNow Society,373489,2016-02-29,Climate,Climate,House of Commons
A L'action,LeadNow Society,373490,2016-01-22,Climate,Climate,House of Commons
A L'action,LeadNow Society,373491,2016-02-19,Climate,Climate,House of Commons
A L'action,LeadNow Society,373492,2016-03-01,Climate,Climate,House of Commons
A L'action,LeadNow Society,373493,2016-03-15,Climate,Climate,House of Commons
A L'action,LeadNow Society,373494,2016-03-29,Climate,Climate,House of Commons
Association canadienne du ciment,Cement Association of Canada,373514,2016-03-17,Climate,Climate,Environment and Climate Change Canada
null,Canadian Climate Forum,373602,2016-03-04,Climate,Climate,Infrastructure Canada
null,PEMBINA INSTITUTE,373643,2016-03-25,Climate,Climate,Natural Resources Canada (NRCan)
null,Innergex Renewable Energy Inc.,373655,2016-04-04,Climate,Climate,"Innovation, Science and Economic Development Canada"
null,Innergex Renewable Energy Inc.,373695,2016-04-06,Climate,Climate,Indigenous and Northern Affairs Canada
null,Innergex Renewable Energy Inc.,373767,2016-04-04,Climate,Climate,Natural Resources Canada (NRCan)
Action Contre La Faim,Action Against Hunger Canada,374337,2016-04-13,Climate,Climate,Environment and Climate Change Canada
Association des produits forestiers du Canada,Forest Products Association of Canada,374532,2016-04-04,Climate,Climate,Environment and Climate Change Canada
null,Shell Canada Limited,374737,2016-03-03,Climate,Climate,Natural Resources Canada (NRCan)
null,FortisBC,374761,2016-04-13,Climate,Climate,Natural Resources Canada (NRCan)
Suncor Énergie Inc.,Suncor Energy Inc.,374859,2016-03-02,Climate,Climate,Environment and Climate Change Canada
null,The Toronto-Dominion Bank,374860,2016-03-22,Climate,Climate,Environment and Climate Change Canada
Association des produits forestiers du Canada,Forest Products Association of Canada,375101,2016-04-12,Climate,Climate,House of Commons
Association des produits forestiers du Canada,Forest Products Association of Canada,375102,2016-04-15,Climate,Climate,House of Commons
Association des produits forestiers du Canada,Forest Products Association of Canada,375172,2016-04-21,Climate,Climate,Natural Resources Canada (NRCan)
null,Carbon Engineering,375219,2016-04-19,Climate,Climate,Environment and Climate Change Canada
null,Carbon Engineering,375220,2016-04-19,Climate,Climate,Prime Minister's Office (PMO)
null,Carbon Engineering,375221,2016-04-19,Climate,Climate,"Innovation, Science and Economic Development Canada"
null,Carbon Engineering,375341,2016-04-21,Climate,Climate,House of Commons
null,Canadian Climate Forum,375486,2016-04-11,Climate,Climate,Environment and Climate Change Canada
Association des produits forestiers du Canada,Forest Products Association of Canada,375623,2016-04-25,Climate,Climate,"Innovation, Science and Economic Development Canada"
Association des produits forestiers du Canada,Forest Products Association of Canada,375815,2016-04-27,Climate,Climate,Natural Resources Canada (NRCan)
Association canadienne des carburants,Canadian Fuels Association,375975,2016-04-21,Climate,Climate,Environment and Climate Change Canada
null,WEST COAST ENVIRONMENTAL LAW ASSOCIATION,376266,2016-04-28,Climate,Climate,House of Commons
null,Canadian Natural Resources Limited,376771,2016-04-07,Climate,Climate,Environment and Climate Change Canada
null,NextEra Canada Development LP,376920,2016-04-05,Climate,Climate,Indigenous and Northern Affairs Canada
null,NextEra Canada Development LP,376990,2016-04-05,Climate,Climate,Environment and Climate Change Canada
Suncor Énergie Inc.,Suncor Energy Inc.,377237,2016-04-24,Climate,Climate,Environment and Climate Change Canada
null,Vancouver Aquarium,377377,2016-04-06,Climate,Climate,Fisheries and Oceans Canada (DFO)
null,NEBC Resource Municipalities Coalition,377485,2016-04-18,Climate,Climate,Finance Canada (FIN)
null,NEBC Resource Municipalities Coalition,377486,2016-04-18,Climate,Climate,Natural Resources Canada (NRCan)
null,NEBC Resource Municipalities Coalition,377487,2016-04-18,Climate,Climate,House of Commons
null,NEBC Resource Municipalities Coalition,377488,2016-04-18,Climate,Climate,Infrastructure Canada
null,NEBC Resource Municipalities Coalition,377489,2016-04-19,Climate,Climate,House of Commons
null,Evok Innovations,377516,2016-05-11,Climate,Climate,National Research Council (NRC)
null,FortisBC,377527,2016-05-18,Climate,Climate,Prime Minister's Office (PMO)
null,FortisBC,377528,2016-05-18,Climate,Climate,Natural Resources Canada (NRCan)
null,FortisBC,377530,2016-05-18,Climate,Climate,Environment and Climate Change Canada
null,Natural Resources Defense Council,377539,2016-02-10,Climate,Climate,Global Affairs Canada
null,Natural Resources Defense Council,377540,2016-02-11,Climate,Climate,Prime Minister's Office (PMO)
null,FortisBC,378268,2016-06-03,Climate,Climate,Natural Resources Canada (NRCan)
null,FortisBC,378269,2016-06-06,Climate,Climate,Transport Canada (TC)
null,FortisBC,378270,2016-06-06,Climate,Climate,Environment and Climate Change Canada
null,FortisBC,378289,2016-06-03,Climate,Climate,House of Commons
null,Innergex Renewable Energy Inc.,378339,2016-06-07,Climate,Climate,Indigenous and Northern Affairs Canada
null,Innergex Renewable Energy Inc.,378341,2016-06-07,Climate,Climate,Environment and Climate Change Canada
null,Innergex Renewable Energy Inc.,378342,2016-06-07,Climate,Climate,Natural Resources Canada (NRCan)
null,Innergex Renewable Energy Inc.,378452,2016-06-08,Climate,Climate,"Innovation, Science and Economic Development Canada"
null,Canadian Construction Innovations,378738,2016-05-12,Climate,Climate,Natural Resources Canada (NRCan)
null,Canadian Construction Innovations,378741,2016-05-13,Climate,Climate,Natural Resources Canada (NRCan)
null,Canadian Construction Innovations,378742,2016-05-13,Climate,Climate,Infrastructure Canada
null,Canadian Construction Innovations,378743,2016-05-26,Climate,Climate,"Innovation, Science and Economic Development Canada"
null,NextEra Canada Development LP,379338,2016-05-10,Climate,Climate,Environment and Climate Change Canada
null,NextEra Canada Development LP,379349,2016-05-10,Climate,Climate,Indigenous and Northern Affairs Canada
null,NextEra Canada Development LP,379352,2016-05-19,Climate,Climate,Indigenous and Northern Affairs Canada
null,NextEra Canada Development LP,379431,2016-05-31,Climate,Climate,Natural Resources Canada (NRCan)
null,"Covanta Burnaby Renewable Energy, ULC",380121,2016-05-03,Climate,Climate,"Innovation, Science and Economic Development Canada"
null,"Covanta Burnaby Renewable Energy, ULC",380122,2016-05-03,Climate,Climate,"Innovation, Science and Economic Development Canada"
null,"Covanta Burnaby Renewable Energy, ULC",380123,2016-05-02,Climate,Climate,Prime Minister's Office (PMO)
null,"Covanta Burnaby Renewable Energy, ULC",380124,2016-05-02,Climate,Climate,Natural Resources Canada (NRCan)
null,Saskatchewan Power Corporation,380256,2016-05-19,Climate,Climate,Environment and Climate Change Canada
null,Carbon Engineering,380336,2016-06-08,Climate,Climate,Environment and Climate Change Canada
null,Carbon Engineering,380340,2016-06-08,Climate,Climate,"Innovation, Science and Economic Development Canada"
null,Carbon Engineering,380341,2016-06-08,Climate,Climate,House of Commons
null,Carbon Engineering,380380,2016-06-09,Climate,Climate,Natural Resources Canada (NRCan)
null,Carbon Engineering,380386,2016-06-09,Climate,Climate,Prime Minister's Office (PMO)
null,Carbon Engineering,380388,2016-06-09,Climate,Climate,House of Commons
null,Carbon Engineering,380390,2016-06-09,Climate,Climate,House of Commons
null,Carbon Engineering,380392,2016-06-09,Climate,Climate,Global Affairs Canada
null,PEMBINA INSTITUTE,380474,2016-06-22,Climate,Climate,Environment and Climate Change Canada
null,NextEra Canada Development LP,380838,2016-06-01,Climate,Climate,Environment and Climate Change Canada
null,NextEra Canada Development LP,380839,2016-06-14,Climate,Climate,Natural Resources Canada (NRCan)
null,NextEra Canada Development LP,380840,2016-06-23,Climate,Climate,Indigenous and Northern Affairs Canada
null,NextEra Canada Development LP,380842,2016-06-23,Climate,Climate,Prime Minister's Office (PMO)
null,Unifor,381267,2016-06-06,Climate,Climate,Environment and Climate Change Canada
Suncor Énergie Inc.,Suncor Energy Inc.,381345,2016-06-06,Climate,Climate,Environment and Climate Change Canada
Suncor Énergie Inc.,Suncor Energy Inc.,381364,2016-06-27,Climate,Climate,Natural Resources Canada (NRCan)
null,Teck Resources Limited,381578,2016-06-27,Climate,Climate,Environment and Climate Change Canada
null,Teck Resources Limited,381583,2016-06-01,Climate,Climate,Environment and Climate Change Canada
null,Teck Resources Limited,381585,2016-06-01,Climate,Climate,Natural Resources Canada (NRCan)
Association canadienne de L'industrie de la chimie,Chemistry Industry Association of Canada,381711,2016-06-16,Climate,Climate,Environment and Climate Change Canada
Équiterre,null,382064,2016-05-17,Climate,Climat,Natural Resources Canada (NRCan)
Équiterre,null,382066,2016-06-10,Climate,Climat,Environment and Climate Change Canada
Suncor Énergie Inc.,Suncor Energy Inc.,382501,2016-07-06,Climate,Climate,Environment and Climate Change Canada
Suncor Énergie Inc.,Suncor Energy Inc.,382504,2016-07-28,Climate,Climate,Environment and Climate Change Canada
La Corporation Trans Mountain,Trans Mountain Corporation,382514,2016-07-06,Climate,Climate,House of Commons
La Corporation Trans Mountain,Trans Mountain Corporation,382520,2016-07-12,Climate,Climate,House of Commons
null,TELUS Corporation,382780,2016-08-17,Climate,Climate,Environment and Climate Change Canada
Terrestrial Energy Inc.,Terrestrial Energy Inc.,382890,2016-08-18,Climate,Climate,Environment and Climate Change Canada
Le Fonds Atmosphérique,The Atmospheric Fund,383160,2016-08-03,Climate,Climate,Prime Minister's Office (PMO)
Le Fonds Atmosphérique,The Atmospheric Fund,383182,2016-08-25,Climate,Climate,Employment and Social Development Canada (ESDC)
Le Fonds Atmosphérique,The Atmospheric Fund,383183,2016-08-12,Climate,Climate,Infrastructure Canada
null,Rio Tinto Canada Management Inc,383316,2016-08-05,Climate,Climate,Environment and Climate Change Canada
null,FortisBC,383444,2016-09-13,Climate,Climate,Natural Resources Canada (NRCan)
null,FortisBC,383445,2016-09-13,Climate,Climate,Agriculture and Agri-Food Canada (AAFC)
Suncor Énergie Inc.,Suncor Energy Inc.,383575,2016-08-03,Climate,Climate,Environment and Climate Change Canada
Suncor Énergie Inc.,Suncor Energy Inc.,383577,2016-08-16,Climate,Climate,Environment and Climate Change Canada
null,S2E Technologies Inc.,383681,2016-08-17,Climate,Climate,"Innovation, Science and Economic Development Canada"
Congrès du travail du Canada,Canadian Labour Congress,383726,2016-08-23,Climate,Climate,Environment and Climate Change Canada
null,Teck Resources Limited,383749,2016-08-31,Climate,Climate,Environment and Climate Change Canada
null,ENMAX Corporation,383836,2016-08-18,Climate,Climate,Veterans Affairs Canada (VAC)
null,PEMBINA INSTITUTE,383844,2016-07-13,Climate,Climate,House of Commons
null,PEMBINA INSTITUTE,383846,2016-07-14,Climate,Climate,House of Commons
null,Friends of the Greenbelt Foundation,383979,2016-09-12,Climate,Climate,Natural Resources Canada (NRCan)
null,CircuitMeter,384015,2016-09-14,Climate,Climate,Environment and Climate Change Canada
null,Energy Storage Canada,384016,2016-09-14,Climate,Climate,Environment and Climate Change Canada
null,Canada Clean Fuels,384020,2016-09-14,Climate,Climate,Environment and Climate Change Canada
Association canadienne de L'hydroélectricité,Canadian Hydropower Association,384196,2016-09-21,Climate,Climate,Fisheries and Oceans Canada (DFO)
Équiterre,null,384246,2016-09-08,Climate,Climat,Environment and Climate Change Canada
Équiterre,null,384249,2016-09-13,Climate,Climat,Environment and Climate Change Canada
Équiterre,null,384250,2016-09-20,Climate,Climat,Environment and Climate Change Canada
Équiterre,null,384251,2016-09-22,Climate,Climat,Natural Resources Canada (NRCan)
Conseil du batiment durable au Canada,Canada Green Building Council,384494,2016-09-21,Climate,Climate,Natural Resources Canada (NRCan)
Conseil du batiment durable au Canada,Canada Green Building Council,384496,2016-09-21,Climate,Climate,Public Services and Procurement Canada
Conseil du batiment durable au Canada,Canada Green Building Council,384500,2016-09-21,Climate,Climate,Environment and Climate Change Canada
null,Canadian Climate Forum,384621,2016-09-08,Climate,Climate,Environment and Climate Change Canada
Conseil du batiment durable au Canada,Canada Green Building Council,384894,2016-09-28,Climate,Climate,Finance Canada (FIN)
Conseil du batiment durable au Canada,Canada Green Building Council,384897,2016-09-28,Climate,Climate,Infrastructure Canada
Conseil du batiment durable au Canada,Canada Green Building Council,384919,2016-09-28,Climate,Climate,Privy Council Office (PCO)
Conseil du batiment durable au Canada,Canada Green Building Council,384920,2016-09-28,Climate,Climate,Environment and Climate Change Canada
null,ENMAX Corporation,384993,2016-09-01,Climate,Climate,Canadian Heritage (PCH)
null,ConocoPhillips Canada Resources Corp.,385122,2016-09-19,Climate,Climate,Environment and Climate Change Canada
Conseil du batiment durable au Canada,Canada Green Building Council,385276,2016-10-13,Climate,Climate,Natural Resources Canada (NRCan)
Conseil du batiment durable au Canada,Canada Green Building Council,385312,2016-09-20,Climate,Climate,Environment and Climate Change Canada
null,Teck Resources Limited,385600,2016-09-20,Climate,Climate,Environment and Climate Change Canada
null,Teck Resources Limited,385608,2016-09-13,Climate,Climate,Natural Resources Canada (NRCan)
null,Teck Resources Limited,385610,2016-09-13,Climate,Climate,Environment and Climate Change Canada
Conseil du bâtiment durable du Canada.,Canada Green Building Council,385621,2016-09-07,Climate,Climate,Natural Resources Canada (NRCan)
null,Friends of the Greenbelt Foundation,385625,2016-09-12,Climate,Climate,Natural Resources Canada (NRCan)
Conseil du bâtiment durable du Canada.,Canada Green Building Council,385629,2016-09-20,Climate,Climate,Public Services and Procurement Canada
Conseil du bâtiment durable du Canada.,Canada Green Building Council,385641,2016-09-28,Climate,Climate,Environment and Climate Change Canada
Conseil du bâtiment durable du Canada.,Canada Green Building Council,385650,2016-09-30,Climate,Climate,Treasury Board Of Canada Secretariat (TBS)
null,Friends of the Greenbelt Foundation,385655,2016-09-21,Climate,Climate,Finance Canada (FIN)
null,Friends of the Greenbelt Foundation,385660,2016-09-21,Climate,Climate,Natural Resources Canada (NRCan)
null,Friends of the Greenbelt Foundation,385663,2016-09-21,Climate,Climate,House of Commons
null,TransAlta Corporation,385816,2016-09-22,Climate,Climate,Prime Minister's Office (PMO)
null,TransAlta Corporation,385818,2016-09-22,Climate,Climate,Environment and Climate Change Canada
null,Energy Storage Canada,386167,2016-10-18,Climate,Climate,House of Commons
Industries Renouvelables Canada,Renewable Industries Canada,386244,2016-10-13,Climate,Climate,Environment and Climate Change Canada
Association canadienne de L'hydroélectricité,Canadian Hydropower Association,386449,2016-10-24,Climate,Climate,Environment and Climate Change Canada
Association canadienne de L'hydroélectricité,Canadian Hydropower Association,386450,2016-10-26,Climate,Climate,Natural Resources Canada (NRCan)
null,The Canadian Geothermal Energy Association (CanGEA),386475,2016-10-05,Climate,Climate,Environment and Climate Change Canada
null,The Canadian Geothermal Energy Association (CanGEA),386785,2016-10-03,Climate,Climate,Natural Resources Canada (NRCan)
Équiterre,null,386906,2016-10-28,Climate,Climat,Environment and Climate Change Canada
Équiterre,null,386914,2016-10-04,Climate,Climat,Environment and Climate Change Canada
null,Canadian Climate Forum,387049,2016-10-26,Climate,Climate,Public Safety Canada (PS)
null,Canadian Climate Forum,387053,2016-10-18,Climate,Climate,Infrastructure Canada
La Chambre de commerce du Canada,Canadian Chamber of Commerce,387117,2016-10-06,Climate,Climate,House of Commons
La Chambre de commerce du Canada,Canadian Chamber of Commerce,387141,2016-10-24,Climate,Climate,House of Commons
Association des produits forestiers du Canada,Forest Products Association of Canada,387356,2016-11-07,Climate,Climate,House of Commons
null,ConocoPhillips Canada Resources Corp.,387367,2016-10-13,Climate,Climate,Environment and Climate Change Canada
null,ConocoPhillips Canada Resources Corp.,387368,2016-10-14,Climate,Climate,Environment and Climate Change Canada
Le Fonds Atmosphérique,The Atmospheric Fund,387730,2016-10-04,Climate,Climate,Infrastructure Canada
Le Fonds Atmosphérique,The Atmospheric Fund,387735,2016-10-05,Climate,Climate,Infrastructure Canada
Le Fonds Atmosphérique,The Atmospheric Fund,387739,2016-10-13,Climate,Climate,Infrastructure Canada
Le Fonds Atmosphérique,The Atmospheric Fund,387742,2016-10-18,Climate,Climate,Infrastructure Canada
null,NextEra Canada Development LP,387775,2016-10-31,Climate,Climate,Infrastructure Canada
null,Teck Resources Limited,387927,2016-10-12,Climate,Climate,Environment and Climate Change Canada
null,Teck Resources Limited,387932,2016-10-12,Climate,Climate,Privy Council Office (PCO)
null,Teck Resources Limited,387934,2016-10-12,Climate,Climate,Prime Minister's Office (PMO)
Conseil du bâtiment durable du Canada.,Canada Green Building Council,387995,2016-10-13,Climate,Climate,Natural Resources Canada (NRCan)
A L'action,LeadNow Society,388019,2016-10-24,Climate,Climate,House of Commons
A L'action,LeadNow Society,388022,2016-10-24,Climate,Climate,House of Commons
A L'action,LeadNow Society,388025,2016-10-24,Climate,Climate,House of Commons
A L'action,LeadNow Society,388027,2016-10-25,Climate,Climate,House of Commons
A L'action,LeadNow Society,388028,2016-10-25,Climate,Climate,House of Commons
Alliance des manufacturiers et des exportateurs du Canada (MEC),Alliance of Manufacturers & Exporters Canada (CME),388136,2016-10-13,Climate,Climate,Senate of Canada
Alliance des manufacturiers et des exportateurs du Canada (MEC),Alliance of Manufacturers & Exporters Canada (CME),388137,2016-10-18,Climate,Climate,House of Commons
Suncor Énergie Inc.,Suncor Energy Inc.,388476,2016-10-17,Climate,Climate,Natural Resources Canada (NRCan)
Suncor Énergie Inc.,Suncor Energy Inc.,388481,2016-10-18,Climate,Climate,Environment and Climate Change Canada
Suncor Énergie Inc.,Suncor Energy Inc.,388504,2016-10-04,Climate,Climate,Environment and Climate Change Canada
Suncor Énergie Inc.,Suncor Energy Inc.,388507,2016-10-25,Climate,Climate,Environment and Climate Change Canada
null,GREENPEACE CANADA,388745,2016-10-26,Climate,Climate,Environment and Climate Change Canada
Équiterre,null,388930,2016-11-22,Climate,Climat,Environment and Climate Change Canada
Économie verte Canada,Green Economy Canada,389343,2016-09-30,Climate,Climate,Federal Economic Development Agency for Southern Ontario (FedDev)
Constructeurs mondiaux d'automobiles du Canada,Global Automakers of Canada,389406,2016-12-05,Climate,Climate,Transport Canada (TC)
Groupe PureSphera inc.,null,389412,2016-11-22,Climate,Climat,Environment and Climate Change Canada
Équiterre,null,389529,2016-11-09,Climate,Climat,Environment and Climate Change Canada
Équiterre,null,389530,2016-12-02,Climate,Climat,Environment and Climate Change Canada
Équiterre,null,389623,2016-11-15,Climate,Climat,Environment and Climate Change Canada
null,NextEra Canada Development LP,389706,2016-11-07,Climate,Climate,Indigenous and Northern Affairs Canada
null,NextEra Canada Development LP,389709,2016-11-08,Climate,Climate,Infrastructure Canada
Le Fonds Atmosphérique,The Atmospheric Fund,389713,2016-11-10,Climate,Climate,Environment and Climate Change Canada
Le Fonds Atmosphérique,The Atmospheric Fund,389719,2016-11-18,Climate,Climate,Infrastructure Canada
Conseil du bâtiment durable du Canada.,Canada Green Building Council,390931,2016-11-01,Climate,Climate,Environment and Climate Change Canada
null,Rio Tinto Aluminium,391168,2016-11-16,Climate,Climate,Natural Resources Canada (NRCan)
Association Canadienne du Propane,Canadian Propane Association,391291,2016-11-28,Climate,Climate,Environment and Climate Change Canada
Suncor Énergie Inc.,Suncor Energy Inc.,391511,2016-11-25,Climate,Climate,Environment and Climate Change Canada
Suncor Énergie Inc.,Suncor Energy Inc.,391526,2016-11-29,Climate,Climate,Prime Minister's Office (PMO)
null,Teck Resources Limited,391653,2016-11-24,Climate,Climate,Prime Minister's Office (PMO)
null,Innergex Renewable Energy Inc.,391743,2016-12-16,Climate,Climate,Environment and Climate Change Canada
null,"Covanta Burnaby Renewable Energy, ULC",391831,2016-11-17,Climate,Climate,Infrastructure Canada
null,"Covanta Burnaby Renewable Energy, ULC",391832,2016-12-05,Climate,Climate,Privy Council Office (PCO)
null,"Covanta Burnaby Renewable Energy, ULC",391834,2016-12-06,Climate,Climate,Environment and Climate Change Canada
null,Friends of the Greenbelt Foundation,391966,2016-12-16,Climate,Climate,Agriculture and Agri-Food Canada (AAFC)
Équiterre,null,392225,2016-12-09,Climate,Climat,Environment and Climate Change Canada
null,GENERAL ELECTRIC CANADA,392312,2016-12-22,Climate,Climate,House of Commons
La Chambre de commerce du Canada,Canadian Chamber of Commerce,392328,2016-12-14,Climate,Climate,Environment and Climate Change Canada
null,ENMAX Corporation,392336,2016-12-01,Climate,Climate,Environment and Climate Change Canada
null,CircuitMeter,392343,2017-01-06,Climate,Climate,Natural Resources Canada (NRCan)
null,PEMBINA INSTITUTE,392408,2016-12-05,Climate,Climate,House of Commons
Association nucléaire canadienne,Canadian Nuclear Association,392452,2016-12-13,Climate,Climate,House of Commons
Conseil du bâtiment durable du Canada.,Canada Green Building Council,392456,2016-12-13,Climate,Climate,Infrastructure Canada
Le Fonds Atmosphérique,The Atmospheric Fund,392547,2016-12-13,Climate,Climate,Environment and Climate Change Canada
Le Fonds Atmosphérique,The Atmospheric Fund,392574,2016-12-22,Climate,Climate,Natural Resources Canada (NRCan)
null,Repsol Oil & Gas Canada Inc.,392583,2016-12-14,Climate,Climate,Environment and Climate Change Canada
null,Teck Resources Limited,392837,2016-12-02,Climate,Climate,Prime Minister's Office (PMO)
Conseil du bâtiment durable du Canada.,Canada Green Building Council,392858,2017-01-08,Climate,Climate,National Defence (DND)
Conseil du bâtiment durable du Canada.,Canada Green Building Council,392859,2017-01-09,Climate,Climate,Treasury Board Of Canada Secretariat (TBS)
null,Energy Storage Canada,392971,2017-01-19,Climate,Climate,Infrastructure Canada
null,S2E Technologies Inc.,393005,2017-01-23,Climate,Climate,Finance Canada (FIN)
null,S2E Technologies Inc.,393006,2017-01-23,Climate,Climate,Natural Resources Canada (NRCan)
null,S2E Technologies Inc.,393007,2017-01-23,Climate,Climate,Environment and Climate Change Canada
null,S2E Technologies Inc.,393008,2017-01-23,Climate,Climate,Prime Minister's Office (PMO)
null,"Canadian Solar (USA), Inc.",393143,2017-01-30,Climate,Climat,Finance Canada (FIN)
null,"Canadian Solar (USA), Inc.",393144,2017-01-30,Climate,Climat,Treasury Board Of Canada Secretariat (TBS)
null,"Canadian Solar (USA), Inc.",393145,2017-01-30,Climate,Climat,House of Commons
null,"Canadian Solar (USA), Inc.",393146,2017-01-31,Climate,Climat,House of Commons
null,"Canadian Solar (USA), Inc.",393147,2017-01-31,Climate,Climat,"Innovation, Science and Economic Development Canada"
null,"Canadian Solar (USA), Inc.",393148,2017-01-31,Climate,Climat,Natural Resources Canada (NRCan)
null,"Canadian Solar (USA), Inc.",393149,2017-01-31,Climate,Climat,House of Commons
null,CircuitMeter,393233,2017-02-02,Climate,Climate,House of Commons
Équiterre,null,393475,2017-01-31,Climate,Climat,Finance Canada (FIN)
Le Fonds Atmosphérique,The Atmospheric Fund,393712,2017-01-12,Climate,Climate,Natural Resources Canada (NRCan)
Groupe PureSphera inc.,null,393991,2017-02-14,Climate,Climat,Environment and Climate Change Canada
Bureau D'Assurance du Canada,Insurance Bureau of Canada,394029,2017-01-06,Climate,Climate,Finance Canada (FIN)
Bureau D'Assurance du Canada,Insurance Bureau of Canada,394034,2017-01-27,Climate,Climate,Finance Canada (FIN)
Bureau D'Assurance du Canada,Insurance Bureau of Canada,394037,2017-01-30,Climate,Climate,Finance Canada (FIN)
Conseil du bâtiment durable du Canada.,Canada Green Building Council,394404,2017-01-27,Climate,Climate,Treasury Board Of Canada Secretariat (TBS)
null,Teck Resources Limited,394451,2017-01-31,Climate,Climate,Environment and Climate Change Canada
La Chambre de commerce du Canada,Canadian Chamber of Commerce,395120,2017-02-28,Climate,Climate,House of Commons
null,The Canadian Geothermal Energy Association (CanGEA),395130,2017-02-27,Climate,Climate,Environment and Climate Change Canada
null,EcoJustice,395249,2017-02-23,Climate,Climate,House of Commons
null,Canadian Solar Industries Association,395332,2017-03-06,Climate,Climate,Natural Resources Canada (NRCan)
null,CircuitMeter,395334,2017-03-06,Climate,Climate,Natural Resources Canada (NRCan)
Équiterre,null,395377,2017-02-06,Climate,Climat,Health Canada (HC)
Équiterre,null,395382,2017-02-24,Climate,Climat,Environment and Climate Change Canada
Équiterre,null,395389,2017-02-06,Climate,Climat,House of Commons
Équiterre,null,395390,2017-02-06,Climate,Climat,House of Commons
Équiterre,null,395392,2017-02-06,Climate,Climat,House of Commons
null,Sustainable Waterloo Region,395497,2017-02-28,Climate,Climate,House of Commons
null,Canadian Canola Growers Association,395768,2017-02-16,Climate,Climate,House of Commons
Le Fonds Atmosphérique,The Atmospheric Fund,396231,2017-02-01,Climate,Climate,Infrastructure Canada
Le Fonds Atmosphérique,The Atmospheric Fund,396248,2017-02-22,Climate,Climate,Natural Resources Canada (NRCan)
Conseil du bâtiment durable du Canada.,Canada Green Building Council,396267,2017-02-02,Climate,Climate,Natural Resources Canada (NRCan)
Conseil du bâtiment durable du Canada.,Canada Green Building Council,396284,2017-02-08,Climate,Climate,Environment and Climate Change Canada
null,Council of Canadian Innovators,396318,2017-02-15,Climate,Climate,"Innovation, Science and Economic Development Canada"
null,ENMAX Corporation,396566,2017-02-24,Climate,Climate,Infrastructure Canada
La Chambre de commerce du Canada,Canadian Chamber of Commerce,396785,2017-02-27,Climate,Climate,Environment and Climate Change Canada
Suncor Énergie Inc.,Suncor Energy Inc.,396987,2017-02-15,Climate,Climate,Environment and Climate Change Canada
A L'action,LeadNow Society,397185,2016-11-23,Climate,Climate,Environment and Climate Change Canada
null,ALUS Canada,398116,2017-04-06,Climate,Climate,Natural Resources Canada (NRCan)
null,Canadian Natural Resources Limited,398229,2017-04-04,Climate,Climate,Environment and Climate Change Canada
null,Canadian Natural Resources Limited,398231,2017-04-04,Climate,Climate,Natural Resources Canada (NRCan)
null,Sustainable Waterloo Region,398233,2017-03-31,Climate,Climate,House of Commons
Association Canadienne des Producteurs Pétroliers,Canadian Association of Petroleum Producers,398852,2017-03-08,Climate,Climate,"Innovation, Science and Economic Development Canada"
null,Teck Resources Limited,398929,2017-03-23,Climate,Climate,Environment and Climate Change Canada
null,Teck Resources Limited,398937,2017-03-24,Climate,Climate,Privy Council Office (PCO)
null,Teck Resources Limited,398959,2017-03-24,Climate,Climate,Finance Canada (FIN)
null,Council of Canadian Innovators,399043,2017-03-10,Climate,Climate,Environment and Climate Change Canada
null,Council of Canadian Innovators,399046,2017-03-15,Climate,Climate,Environment and Climate Change Canada
null,Council of Canadian Innovators,399049,2017-03-21,Climate,Climate,"Innovation, Science and Economic Development Canada"
null,Council of Canadian Innovators,399052,2017-03-24,Climate,Climate,"Innovation, Science and Economic Development Canada"
Corporation Rain Tree,Raintree Corporation,399377,2017-03-30,Climate,Climat,Global Affairs Canada
Corporation Rain Tree,Raintree Corporation,399378,2017-03-30,Climate,Climat,Export Development Canada (EDC)
Corporation Rain Tree,Raintree Corporation,399379,2017-03-30,Climate,Climat,Canadian Commercial Corporation (CCC)
Corporation Rain Tree,Raintree Corporation,399380,2017-03-30,Climate,Climat,Global Affairs Canada
Corporation Rain Tree,Raintree Corporation,399381,2017-03-31,Climate,Climat,Natural Resources Canada (NRCan)
null,Tesla Motors Canada ULC,399431,2017-04-24,Climate,Climate,Environment and Climate Change Canada
null,Loblaw Companies Limited,399728,2017-04-21,Climate,Climate,House of Commons
Équiterre,null,399880,2017-04-03,Climate,Climat,Environment and Climate Change Canada
Équiterre,null,399888,2017-04-07,Climate,Climat,Environment and Climate Change Canada
Équiterre,null,399889,2017-04-18,Climate,Climat,Transport Canada (TC)
null,NextEra Canada Development LP,399890,2017-04-06,Climate,Climate,Natural Resources Canada (NRCan)
null,NextEra Canada Development LP,399891,2017-04-06,Climate,Climate,Infrastructure Canada
Groupe Co-operators limitée,The Co-operators Group Ltd.,399902,2017-04-04,Climate,Climate,Environment and Climate Change Canada
null,H2GO Canada Inc.,399921,2017-04-27,Climate,Climate,Infrastructure Canada
null,H2GO Canada Inc.,399922,2017-04-27,Climate,Climate,Transport Canada (TC)
null,H2GO Canada Inc.,399923,2017-04-27,Climate,Climate,Treasury Board Of Canada Secretariat (TBS)
null,H2GO Canada Inc.,399924,2017-04-27,Climate,Climate,Infrastructure Canada
null,H2GO Canada Inc.,399925,2017-04-27,Climate,Climate,Transport Canada (TC)
null,H2GO Canada Inc.,399926,2017-04-27,Climate,Climate,Treasury Board Of Canada Secretariat (TBS)
Conseil du bâtiment durable du Canada.,Canada Green Building Council,401003,2017-04-12,Climate,Climate,Public Services and Procurement Canada
null,PEMBINA INSTITUTE,401049,2017-04-24,Climate,Climate,Environment and Climate Change Canada
null,Tesla Motors Canada ULC,401220,2017-05-17,Climate,Climate,Environment and Climate Change Canada
null,Tesla Motors Canada ULC,401225,2017-05-17,Climate,Climate,Natural Resources Canada (NRCan)
null,Tesla Motors Canada ULC,401226,2017-05-17,Climate,Climate,Transport Canada (TC)
null,Tesla Motors Canada ULC,401227,2017-05-17,Climate,Climate,Treasury Board Of Canada Secretariat (TBS)
null,Tesla Motors Canada ULC,401228,2017-05-17,Climate,Climate,Prime Minister's Office (PMO)
null,Natural Resources Defense Council,401263,2017-04-25,Climate,Climate,Environment and Climate Change Canada
null,ConocoPhillips Canada Resources Corp.,401833,2017-05-29,Climate,Climate,Environment and Climate Change Canada
Association des fabricants d'appareils électroménagers Canada,Association of Home Appliance Manufacturers Canada,401913,2017-04-13,Climate,Climate,Senate of Canada
Association canadienne de L'énergie éolienne,Canadian Wind Energy Association,401982,2017-05-17,Climate,Climate,House of Commons
Association canadienne de L'énergie éolienne,Canadian Wind Energy Association,401983,2017-05-17,Climate,Climate,Privy Council Office (PCO)
Association canadienne de L'énergie éolienne,Canadian Wind Energy Association,401986,2017-05-18,Climate,Climate,House of Commons
Association canadienne de L'énergie éolienne,Canadian Wind Energy Association,401987,2017-05-18,Climate,Climate,Infrastructure Canada
Association canadienne de L'énergie éolienne,Canadian Wind Energy Association,401988,2017-05-17,Climate,Climate,Environment and Climate Change Canada
null,MaRS Discovery District,401990,2017-05-25,Climate,Climate,Natural Resources Canada (NRCan)
null,MaRS Discovery District,401992,2017-05-25,Climate,Climate,Treasury Board Of Canada Secretariat (TBS)
Équiterre,null,402205,2017-05-17,Climate,Climat,Environment and Climate Change Canada
null,North Atlantic Refinery Ltd.,402265,2017-05-30,Climate,Climate,Environment and Climate Change Canada
null,North Atlantic Refinery Ltd.,402270,2017-05-30,Climate,Climate,House of Commons
null,NextEra Canada Development LP,402682,2017-05-01,Climate,Climate,Natural Resources Canada (NRCan)
null,ENMAX Corporation,403249,2017-05-29,Climate,Climate,Environment and Climate Change Canada
null,ENMAX Corporation,403250,2017-05-29,Climate,Climate,Environment and Climate Change Canada
null,Tesla Motors Canada ULC,403251,2017-05-24,Climate,Climate,Transport Canada (TC)
null,Tesla Motors Canada ULC,403252,2017-05-24,Climate,Climate,Environment and Climate Change Canada
null,"REPSOL, SA",403302,2017-05-09,Climate,Climate,Environment and Climate Change Canada
Association canadienne des carburants,Canadian Fuels Association,403588,2017-05-18,Climate,Climate,Environment and Climate Change Canada
Conseil du bâtiment durable du Canada.,Canada Green Building Council,403615,2017-05-18,Climate,Climate,Natural Resources Canada (NRCan)
null,Mosaic,403698,2017-05-25,Climate,Climate,Natural Resources Canada (NRCan)
null,Mosaic,403700,2017-05-24,Climate,Climate,Environment and Climate Change Canada
Citoyens pour une politique juste,Citizens for Public Justice,404129,2017-05-04,Climate,Climate,House of Commons
Citoyens pour une politique juste,Citizens for Public Justice,404130,2017-05-09,Climate,Climate,House of Commons
Citoyens pour une politique juste,Citizens for Public Justice,404135,2017-06-05,Climate,Climate,House of Commons
Citoyens pour une politique juste,Citizens for Public Justice,404138,2017-06-16,Climate,Climate,House of Commons
Équiterre,null,404550,2017-06-06,Climate,Climat,Prime Minister's Office (PMO)
Équiterre,null,404551,2017-06-08,Climate,Climat,"Innovation, Science and Economic Development Canada"
Équiterre,null,404552,2017-06-14,Climate,Climat,Prime Minister's Office (PMO)
null,NextEra Canada Development LP,405042,2017-06-26,Climate,Climate,Infrastructure Canada
null,NextEra Canada Development LP,405043,2017-06-26,Climate,Climate,Infrastructure Canada
null,Nova Scotia Power Incorporated,405121,2017-06-27,Climate,Climate,Environment and Climate Change Canada
Conseil du bâtiment durable du Canada.,Canada Green Building Council,405249,2017-06-14,Climate,Climate,Natural Resources Canada (NRCan)
Conseil du bâtiment durable du Canada.,Canada Green Building Council,405257,2017-06-28,Climate,Climate,Environment and Climate Change Canada
Conseil du bâtiment durable du Canada.,Canada Green Building Council,405261,2017-06-29,Climate,Climate,Employment and Social Development Canada (ESDC)
null,The International CCS Knowledge Centre,405325,2017-06-28,Climate,Climate,Environment and Climate Change Canada
null,The International CCS Knowledge Centre,405327,2017-06-28,Climate,Climate,Environment and Climate Change Canada
null,"Covanta Burnaby Renewable Energy, ULC",405515,2017-06-14,Climate,Climate,Public Services and Procurement Canada
null,"Covanta Burnaby Renewable Energy, ULC",405523,2017-06-14,Climate,Climate,Environment and Climate Change Canada
null,S2E Technologies Inc.,405595,2017-06-20,Climate,Climate,Canadian Northern Economic Development Agency (CanNor)
null,S2E Technologies Inc.,405598,2017-06-20,Climate,Climate,Canadian Northern Economic Development Agency (CanNor)
null,Canadian Natural Resources Limited,406018,2017-07-20,Climate,Climate,Environment and Climate Change Canada
null,Canadian Natural Resources Limited,406019,2017-07-20,Climate,Climate,Environment and Climate Change Canada
null,Canadian Natural Resources Limited,406020,2017-07-20,Climate,Climate,Natural Resources Canada (NRCan)
Toyota Canada Inc. (via Casacom),Toyota Canada Inc. (through Casacom),406507,2017-07-04,Climate,Climate,"Innovation, Science and Economic Development Canada"
Toyota Canada Inc. (via Casacom),Toyota Canada Inc. (through Casacom),406518,2017-07-27,Climate,Climate,"Innovation, Science and Economic Development Canada"
null,North Atlantic Refinery Ltd.,406606,2017-07-25,Climate,Climate,Environment and Climate Change Canada
null,Tesla Motors Canada ULC,406625,2017-07-17,Climate,Climate,Natural Resources Canada (NRCan)
Suncor Énergie Inc.,Suncor Energy Inc.,406953,2017-07-11,Climate,Climate,Environment and Climate Change Canada
Conseil du batiment durable au Canada,Canada Green Building Council,407377,2017-08-30,Climate,Climate,Environment and Climate Change Canada
Association canadienne des carburants,Canadian Fuels Association,407394,2017-08-31,Climate,Climate,Environment and Climate Change Canada
null,BUSINESS COUNCIL OF BRITISH COLUMBIA,407764,2017-08-24,Climate,Climate,Environment and Climate Change Canada
null,Tesla Motors Canada ULC,407779,2017-08-28,Climate,Climate,Transport Canada (TC)
null,Tesla Motors Canada ULC,407780,2017-08-30,Climate,Climate,Transport Canada (TC)
Équiterre,null,407868,2017-08-02,Climate,Climat,Transport Canada (TC)
Équiterre,null,407869,2017-08-02,Climate,Climat,"Innovation, Science and Economic Development Canada"
Suncor Énergie Inc.,Suncor Energy Inc.,407914,2017-08-23,Climate,Climate,Environment and Climate Change Canada
Conseil du bâtiment durable du Canada.,Canada Green Building Council,407965,2017-08-30,Climate,Climate,Environment and Climate Change Canada
Conseil du bâtiment durable du Canada.,Canada Green Building Council,407966,2017-08-31,Climate,Climate,Environment and Climate Change Canada
null,Sustainable Waterloo Region,408209,2017-08-17,Climate,Climate,House of Commons
null,Sustainable Waterloo Region,408212,2017-08-23,Climate,Climate,House of Commons
null,Sustainable Waterloo Region,408216,2017-09-12,Climate,Climate,House of Commons
null,Sustainable Waterloo Region,408219,2017-09-12,Climate,Climate,House of Commons
null,Canadian Natural Resources Limited,408510,2017-09-26,Climate,Climate,Environment and Climate Change Canada
null,Federated Co-operatives Limited,408837,2017-09-26,Climate,Climate,Prime Minister's Office (PMO)
null,North Atlantic Refinery Ltd.,408847,2017-09-20,Climate,Climate,House of Commons
null,North Atlantic Refinery Ltd.,408848,2017-09-21,Climate,Climate,Environment and Climate Change Canada
Équiterre,null,409002,2017-09-21,Climate,Climat,Natural Resources Canada (NRCan)
Équiterre,null,409014,2017-09-26,Climate,Climat,Environment and Climate Change Canada
null,BUSINESS COUNCIL OF BRITISH COLUMBIA,409418,2017-09-28,Climate,Climate,National Energy Board (NEB)
null,Tesla Motors Canada ULC,409498,2017-10-11,Climate,Climate,Transport Canada (TC)
null,Tesla Motors Canada ULC,409503,2017-10-05,Climate,Climate,Transport Canada (TC)
null,Tesla Motors Canada ULC,409505,2017-09-28,Climate,Climate,Natural Resources Canada (NRCan)
null,Canadian Natural Resources Limited,409603,2017-10-06,Climate,Climate,Environment and Climate Change Canada
null,AltaGas Ltd.,410125,2017-09-25,Climate,Climate,Environment and Climate Change Canada
null,AltaGas Ltd.,410126,2017-09-26,Climate,Climate,Natural Resources Canada (NRCan)
null,AltaGas Ltd.,410129,2017-09-26,Climate,Climate,Environment and Climate Change Canada
Citoyens pour une politique juste,Citizens for Public Justice,410249,2017-10-03,Climate,Climate,House of Commons
Citoyens pour une politique juste,Citizens for Public Justice,410400,2017-10-17,Climate,Climate,House of Commons
null,Terra International (Canada) Inc.,410422,2017-10-02,Climate,Climate,Environment and Climate Change Canada
Le Groupe Océan Inc.,Ocean Group Inc.,410431,2017-10-17,Climate,Climate,Global Affairs Canada
The Optical Society (OSA),The Optical Society (OSA),410726,2017-10-19,Climate,Climate,Natural Resources Canada (NRCan)
Association canadienne du ciment,Cement Association of Canada,410810,2017-10-17,Climate,Climate,House of Commons
Association canadienne du ciment,Cement Association of Canada,410813,2017-10-17,Climate,Climate,House of Commons
Association canadienne du ciment,Cement Association of Canada,410814,2017-10-17,Climate,Climate,Natural Resources Canada (NRCan)
Association canadienne du ciment,Cement Association of Canada,410815,2017-10-17,Climate,Climate,House of Commons
Association canadienne du ciment,Cement Association of Canada,410822,2017-10-18,Climate,Climate,House of Commons
Association des produits forestiers du Canada,Forest Products Association of Canada,410848,2017-10-23,Climate,Climate,House of Commons
The Optical Society (OSA),The Optical Society (OSA),411065,2017-10-19,Climate,Climate,Natural Resources Canada (NRCan)
null,"Covanta Burnaby Renewable Energy, ULC",411357,2017-11-02,Climate,Climate,House of Commons
null,ConocoPhillips Canada Resources Corp.,411434,2017-10-10,Climate,Climate,Environment and Climate Change Canada
null,Domtar Inc.,411502,2017-10-17,Climate,Climate,Environment and Climate Change Canada
null,BHE Canada L.P.,411507,2017-10-05,Climate,Climate,Environment and Climate Change Canada
null,MasonryWorx,411856,2017-10-17,Climate,Climate,House of Commons
null,MasonryWorx,411857,2017-10-17,Climate,Climate,House of Commons
null,MasonryWorx,411858,2017-10-18,Climate,Climate,House of Commons
null,MasonryWorx,411859,2017-10-18,Climate,Climate,House of Commons
null,Canadian Canola Growers Association,411921,2017-11-07,Climate,Climate,House of Commons
null,NextEra Canada Development LP,412205,2017-10-26,Climate,Climate,Natural Resources Canada (NRCan)
Conseil du bâtiment durable du Canada.,Canada Green Building Council,412402,2017-10-19,Climate,Climate,Finance Canada (FIN)
Conseil du bâtiment durable du Canada.,Canada Green Building Council,412403,2017-10-20,Climate,Climate,Treasury Board Of Canada Secretariat (TBS)
null,Samsung Renewable Energy Inc.,412408,2017-10-17,Climate,Climate,Environment and Climate Change Canada
null,Agrisoma Biosciences Inc.,412446,2017-10-16,Climate,Climate,House of Commons
null,Tesla Motors Canada ULC,412538,2017-10-10,Climate,Climate,Transport Canada (TC)
null,Nsolv Corporation,412625,2017-10-26,Climate,Climate,Environment and Climate Change Canada
null,Nsolv Corporation,412633,2017-10-26,Climate,Climate,Natural Resources Canada (NRCan)
null,Nsolv Corporation,412635,2017-10-26,Climate,Climate,"Innovation, Science and Economic Development Canada"
Équiterre,null,412842,2017-10-16,Climate,Climat,Prime Minister's Office (PMO)
Équiterre,null,412851,2017-10-25,Climate,Climat,Transport Canada (TC)
null,Nsolv Corporation,412992,2017-10-26,Climate,Climate,Environment and Climate Change Canada
Mobilité Électrique Canada,Electric Mobility Canada,413153,2017-09-25,Climate,Climate,Transport Canada (TC)
Mobilité Électrique Canada,Electric Mobility Canada,413171,2017-11-07,Climate,Climate,House of Commons
Mobilité Électrique Canada,Electric Mobility Canada,413209,2017-10-11,Climate,Climate,Prime Minister's Office (PMO)
Lobby Climatique des Citoyens,Citizens' Climate Lobby Canada,413240,2017-10-23,Climate,Climate,Senate of Canada
Lobby Climatique des Citoyens,Citizens' Climate Lobby Canada,413243,2017-10-23,Climate,Climate,House of Commons
Lobby Climatique des Citoyens,Citizens' Climate Lobby Canada,413244,2017-10-12,Climate,Climate,House of Commons
Lobby Climatique des Citoyens,Citizens' Climate Lobby Canada,413250,2017-10-24,Climate,Climate,House of Commons
Lobby Climatique des Citoyens,Citizens' Climate Lobby Canada,413259,2017-10-24,Climate,Climate,Senate of Canada
Lobby Climatique des Citoyens,Citizens' Climate Lobby Canada,413267,2017-10-24,Climate,Climate,House of Commons
Lobby Climatique des Citoyens,Citizens' Climate Lobby Canada,413268,2017-10-23,Climate,Climate,House of Commons
L'association minière du Canada (AMC),The Mining Association of Canada (MAC),413319,2017-10-11,Climate,Climate,Environment and Climate Change Canada
null,Tesla Motors Canada ULC,415329,2017-11-29,Climate,Climate,Environment and Climate Change Canada
null,Tesla Motors Canada ULC,415330,2017-11-29,Climate,Climate,Environment and Climate Change Canada
null,Tesla Motors Canada ULC,415332,2017-11-29,Climate,Climate,Transport Canada (TC)
null,Tesla Motors Canada ULC,415337,2017-11-16,Climate,Climate,Transport Canada (TC)
Équiterre,null,415425,2017-11-06,Climate,Climat,Prime Minister's Office (PMO)
Équiterre,null,415426,2017-11-30,Climate,Climat,Prime Minister's Office (PMO)
null,KRUGER INC.,415491,2017-12-12,Climate,Climate,"Innovation, Science and Economic Development Canada"
null,Canadian Natural Resources Limited,415646,2017-11-07,Climate,Climate,House of Commons
null,Canadian Natural Resources Limited,415648,2017-11-07,Climate,Climate,House of Commons
null,Canadian Natural Resources Limited,415649,2017-11-07,Climate,Climate,House of Commons
null,Canadian Natural Resources Limited,415652,2017-11-07,Climate,Climate,Canadian Heritage (PCH)
null,Canadian Natural Resources Limited,415656,2017-11-07,Climate,Climate,House of Commons
null,Canadian Natural Resources Limited,415661,2017-11-07,Climate,Climate,House of Commons
null,Mosaic,415783,2017-11-24,Climate,Climate,Canadian Environmental Assessment Agency (CEAA)
null,Rio Tinto Aluminium,416552,2017-11-01,Climate,Climate,"Innovation, Science and Economic Development Canada"
null,Rio Tinto Aluminium,416554,2017-11-01,Climate,Climate,Global Affairs Canada
null,Federated Co-operatives Limited,417610,2017-12-01,Climate,Climate,Public Services and Procurement Canada
Laboratoires Nucléaires Canadiens,Canadian Nuclear Laboratories,417721,2017-12-07,Climate,Climate,Prime Minister's Office (PMO)
Suncor Énergie Inc.,Suncor Energy Inc.,417737,2017-12-12,Climate,Climate,Environment and Climate Change Canada
null,Tesla Motors Canada ULC,417838,2017-12-05,Climate,Climate,Prime Minister's Office (PMO)
null,Tesla Motors Canada ULC,417841,2017-12-08,Climate,Climate,Prime Minister's Office (PMO)
null,"IATSE (International Alliance of Theatrical Stage Employees, Moving Picture Technicians, Artists and Allied Crafts of the United States, its Territories and Canada)",417915,2018-01-10,Climate,Climate,Environment and Climate Change Canada
Conseil du bâtiment durable du Canada.,Canada Green Building Council,418141,2017-12-12,Climate,Climate,Infrastructure Canada
Équiterre,null,418191,2017-12-20,Climate,Climat,Environment and Climate Change Canada
AIEST - Alliance Internationale des Employes de Scene et de Theatre,IATSE - International Alliance of Theatrical Stage Employees,418474,2018-01-10,Climate,Climate,Environment and Climate Change Canada
null,EcoJustice,418482,2018-01-22,Climate,Climate,Natural Resources Canada (NRCan)
CONOCO PHILLIPS CANADA,CONOCO PHILLIPS CANADA,418589,2018-01-12,Climate,Climate,Natural Resources Canada (NRCan)
null,Federated Co-operatives Limited,418891,2018-01-09,Climate,Climate,Environment and Climate Change Canada
null,Federated Co-operatives Limited,418902,2018-01-17,Climate,Climate,Natural Resources Canada (NRCan)
null,Federated Co-operatives Limited,418907,2018-01-19,Climate,Climate,"Innovation, Science and Economic Development Canada"
null,Federated Co-operatives Limited,418911,2018-01-23,Climate,Climate,Public Services and Procurement Canada
null,Sustainable Waterloo Region,419007,2018-01-30,Climate,Climate,Treasury Board Of Canada Secretariat (TBS)
null,Sustainable Waterloo Region,419008,2018-01-30,Climate,Climate,House of Commons
null,Sustainable Waterloo Region,419009,2018-01-30,Climate,Climate,"Innovation, Science and Economic Development Canada"
null,Sustainable Waterloo Region,419010,2018-01-30,Climate,Climate,House of Commons
null,Sustainable Waterloo Region,419011,2018-01-31,Climate,Climate,Public Services and Procurement Canada
null,Tesla Motors Canada ULC,419104,2018-01-22,Climate,Climate,Prime Minister's Office (PMO)
Toyota Canada Inc. (via Casacom),Toyota Canada Inc. (through Casacom),419105,2018-01-12,Climate,Climate,Transport Canada (TC)
null,Tesla Motors Canada ULC,419107,2018-01-17,Climate,Climate,Environment and Climate Change Canada
Conseil du bâtiment durable du Canada.,Canada Green Building Council,419601,2018-01-11,Climate,Climate,Natural Resources Canada (NRCan)
Evidence pour la democratie,Evidence for Democracy,420167,2018-01-17,Climate,Climate,House of Commons
Evidence pour la democratie,Evidence for Democracy,420171,2018-01-24,Climate,Climate,Environment and Climate Change Canada
Evidence pour la democratie,Evidence for Democracy,420182,2018-01-30,Climate,Climate,House of Commons
Evidence pour la democratie,Evidence for Democracy,420184,2018-01-19,Climate,Climate,"Innovation, Science and Economic Development Canada"
Evidence pour la democratie,Evidence for Democracy,420185,2018-02-15,Climate,Climate,House of Commons
null,Sustainable Waterloo Region,420189,2018-01-31,Climate,Climate,Public Services and Procurement Canada
Mobilité Électrique Canada,Electric Mobility Canada,420327,2018-02-01,Climate,Climate,House of Commons
Mobilité Électrique Canada,Electric Mobility Canada,420328,2018-02-01,Climate,Climate,Treasury Board Of Canada Secretariat (TBS)
Mobilité Électrique Canada,Electric Mobility Canada,420329,2018-02-01,Climate,Climate,"Innovation, Science and Economic Development Canada"
Lobby Climatique des Citoyens,Citizens' Climate Lobby Canada,420570,2018-02-23,Climate,Climate,House of Commons
Lobby Climatique des Citoyens,Citizens' Climate Lobby Canada,420572,2018-02-24,Climate,Climate,House of Commons
null,Domtar Inc.,420672,2018-02-16,Climate,Climate,Natural Resources Canada (NRCan)
null,Natural Resources Defense Council,420780,2018-02-01,Climate,Climate,House of Commons
null,Natural Resources Defense Council,420782,2018-02-01,Climate,Climate,Natural Resources Canada (NRCan)
null,Natural Resources Defense Council,420784,2018-02-01,Climate,Climate,Prime Minister's Office (PMO)
null,Natural Resources Defense Council,420785,2018-02-01,Climate,Climate,Environment and Climate Change Canada
Équiterre,null,421013,2018-02-06,Climate,Climat,"Innovation, Science and Economic Development Canada"
Équiterre,null,421014,2018-02-18,Climate,Climat,Prime Minister's Office (PMO)
Équiterre,null,421016,2018-02-20,Climate,Climat,Environment and Climate Change Canada
Équiterre,null,421019,2018-02-28,Climate,Climat,House of Commons
null,Federated Co-operatives Limited,421120,2018-02-08,Climate,Climate,Environment and Climate Change Canada
null,Federated Co-operatives Limited,421123,2018-02-12,Climate,Climate,Environment and Climate Change Canada
null,Federated Co-operatives Limited,421124,2018-02-23,Climate,Climate,Environment and Climate Change Canada
null,Clean Resource Innovation Network,421156,2018-02-06,Climate,Climate,House of Commons
null,The International CCS Knowledge Centre,421666,2018-02-21,Climate,Climate,Natural Resources Canada (NRCan)
null,The International CCS Knowledge Centre,421689,2018-02-27,Climate,Climate,Environment and Climate Change Canada
null,NextEra Canada Development LP,421955,2018-02-27,Climate,Climate,Environment and Climate Change Canada
null,NextEra Canada Development LP,421957,2018-02-26,Climate,Climate,Natural Resources Canada (NRCan)
Industries Renouvelables Canada,Renewable Industries Canada,422542,2018-02-26,Climate,Climate,House of Commons
null,The Pollution Probe Foundation,422573,2018-02-15,Climate,Climate,Prime Minister's Office (PMO)
Conseil du bâtiment durable du Canada.,Canada Green Building Council,422673,2018-02-26,Climate,Climate,Environment and Climate Change Canada
null,Michelin North America (Canada) Inc.,422707,2018-03-21,Climate,Climate,Environment and Climate Change Canada
Association canadienne de L'hydroélectricité,Canadian Hydropower Association,422765,2018-03-21,Climate,Climate,Environment and Climate Change Canada
null,Canadian Solar Industries Association,422769,2018-03-23,Climate,Climate,Environment and Climate Change Canada
null,Energy Storage Canada,422771,2018-03-23,Climate,Climate,Environment and Climate Change Canada
null,Sustainable Waterloo Region,422967,2018-03-15,Climate,Climate,House of Commons
Équiterre,null,423149,2018-03-27,Climate,Climat,House of Commons
Équiterre,null,423150,2018-03-27,Climate,Climat,House of Commons
null,Federated Co-operatives Limited,423184,2018-03-01,Climate,Climate,Environment and Climate Change Canada
null,Federated Co-operatives Limited,423186,2018-03-01,Climate,Climate,House of Commons
null,Federated Co-operatives Limited,423189,2018-03-23,Climate,Climate,Environment and Climate Change Canada
null,Canadian Natural Resources Limited,423258,2018-03-01,Climate,Climate,Natural Resources Canada (NRCan)
null,Canadian Natural Resources Limited,423259,2018-03-01,Climate,Climate,Prime Minister's Office (PMO)
null,Canadian Natural Resources Limited,423260,2018-03-01,Climate,Climate,Environment and Climate Change Canada
Conseil du bâtiment durable du Canada.,Canada Green Building Council,423423,2018-03-09,Climate,Climate,Natural Resources Canada (NRCan)
null,Tesla Motors Canada ULC,423475,2018-03-21,Climate,Climate,Environment and Climate Change Canada
null,Carbon Engineering Ltd.,423493,2018-03-08,Climate,Climate,Environment and Climate Change Canada
null,Tesla Motors Canada ULC,423494,2018-03-22,Climate,Climate,Natural Resources Canada (NRCan)
null,Carbon Engineering Ltd.,423495,2018-03-08,Climate,Climate,Natural Resources Canada (NRCan)
null,Carbon Engineering Ltd.,423496,2018-03-08,Climate,Climate,"Innovation, Science and Economic Development Canada"
null,Carbon Engineering Ltd.,423497,2018-03-08,Climate,Climate,"Innovation, Science and Economic Development Canada"
null,Carbon Engineering Ltd.,423498,2018-03-14,Climate,Climate,House of Commons
null,Carbon Engineering Ltd.,423499,2018-03-14,Climate,Climate,Environment and Climate Change Canada
null,Nova Scotia Power Incorporated,423606,2018-03-21,Climate,Climate,Environment and Climate Change Canada
null,NextEra Canada Development LP,423769,2018-03-27,Climate,Climate,Infrastructure Canada
Association canadienne des carburants,Canadian Fuels Association,423941,2018-03-12,Climate,Climate,Prime Minister's Office (PMO)
null,Energy Storage Canada,424610,2018-04-18,Climate,Climate,Natural Resources Canada (NRCan)
null,Canadian Canola Growers Association,424899,2018-04-17,Climate,Climate,Environment and Climate Change Canada
Équiterre,null,425110,2018-04-17,Climate,Climat,Finance Canada (FIN)
Équiterre,null,425112,2018-04-17,Climate,Climat,Natural Resources Canada (NRCan)
Équiterre,null,425114,2018-04-17,Climate,Climat,Environment and Climate Change Canada
Équiterre,null,425115,2018-04-24,Climate,Climat,Environment and Climate Change Canada
Équiterre,null,425116,2018-04-04,Climate,Climat,Environment and Climate Change Canada
null,"Proterra, Inc.",425166,2018-04-24,Climate,Climate,House of Commons
null,"Proterra, Inc.",425167,2018-04-25,Climate,Climate,House of Commons
null,"Proterra, Inc.",425169,2018-04-25,Climate,Climate,House of Commons
null,Energy Storage Canada,425231,2018-05-04,Climate,Climate,Natural Resources Canada (NRCan)
Association canadienne des carburants,Canadian Fuels Association,425529,2018-04-25,Climate,Climate,Environment and Climate Change Canada
Association canadienne des carburants,Canadian Fuels Association,425531,2018-04-05,Climate,Climate,Finance Canada (FIN)
Association canadienne des carburants,Canadian Fuels Association,425532,2018-04-05,Climate,Climate,Finance Canada (FIN)
Association canadienne des carburants,Canadian Fuels Association,425533,2018-04-11,Climate,Climate,Prime Minister's Office (PMO)
Association canadienne des carburants,Canadian Fuels Association,425534,2018-04-10,Climate,Climate,Global Affairs Canada
Association canadienne des carburants,Canadian Fuels Association,425535,2018-04-11,Climate,Climate,"Innovation, Science and Economic Development Canada"
null,Tesla Motors Canada ULC,425797,2018-04-25,Climate,Climate,Natural Resources Canada (NRCan)
null,Tesla Motors Canada ULC,425799,2018-04-17,Climate,Climate,Natural Resources Canada (NRCan)
null,Tesla Motors Canada ULC,425802,2018-04-19,Climate,Climate,Natural Resources Canada (NRCan)
null,Tesla Motors Canada ULC,425803,2018-04-03,Climate,Climate,Environment and Climate Change Canada
null,S2E Technologies Inc.,425929,2018-04-25,Climate,Climate,Global Affairs Canada
Comptables professionnels agréés du Canada (CPA Canada),Chartered Professional Accountants of Canada (CPA Canada),425978,2018-04-16,Climate,Climate,Natural Resources Canada (NRCan)
Toyota Canada Inc. (via Casacom),Toyota Canada Inc. (through Casacom),426062,2018-04-23,Climate,Climate,Transport Canada (TC)
null,Teck Resources Limited,426094,2018-04-25,Climate,Climate,Environment and Climate Change Canada
null,Carbon Engineering Ltd.,426208,2018-04-26,Climate,Climate,Environment and Climate Change Canada
null,Carbon Engineering Ltd.,426209,2018-04-26,Climate,Climate,Environment and Climate Change Canada
L'association minière du Canada (AMC),The Mining Association of Canada (MAC),426275,2018-04-04,Climate,Climate,Environment and Climate Change Canada
Mobilité Électrique Canada,Electric Mobility Canada,426494,2018-04-25,Climate,Climate,House of Commons
Mobilité Électrique Canada,Electric Mobility Canada,426508,2018-04-25,Climate,Climate,Senate of Canada
Mobilité Électrique Canada,Electric Mobility Canada,426518,2018-04-25,Climate,Climate,House of Commons
null,Federated Co-operatives Limited,427083,2018-04-05,Climate,Climate,Public Safety Canada (PS)
null,Federated Co-operatives Limited,427084,2018-04-17,Climate,Climate,Environment and Climate Change Canada
null,Federated Co-operatives Limited,427085,2018-04-17,Climate,Climate,Public Services and Procurement Canada
null,EcoJustice,427197,2018-05-22,Climate,Climate,Environment and Climate Change Canada
null,EcoJustice,427198,2018-05-24,Climate,Climate,Environment and Climate Change Canada
null,Federated Co-operatives Limited,427372,2018-05-30,Climate,Climate,Environment and Climate Change Canada
null,Domtar Inc.,427565,2018-05-31,Climate,Climate,Natural Resources Canada (NRCan)
null,Innergex Renewable Energy Inc.,427591,2018-06-05,Climate,Climate,Indigenous and Northern Affairs Canada
null,Innergex Renewable Energy Inc.,427618,2018-06-05,Climate,Climate,House of Commons
null,Tesla Motors Canada ULC,427741,2018-05-22,Climate,Climate,Environment and Climate Change Canada
Équiterre,null,427790,2018-05-22,Climate,Climat,Environment and Climate Change Canada
null,Federated Co-operatives Limited,427954,2018-05-30,Climate,Climate,Agriculture and Agri-Food Canada (AAFC)
null,Federated Co-operatives Limited,427957,2018-05-30,Climate,Climate,Environment and Climate Change Canada
null,Federated Co-operatives Limited,427958,2018-05-30,Climate,Climate,"Innovation, Science and Economic Development Canada"
null,Federated Co-operatives Limited,427959,2018-05-30,Climate,Climate,Transport Canada (TC)
null,Naikun Wind Energy Group Inc.,428094,2018-06-05,Climate,Climate,Environment and Climate Change Canada
null,Naikun Wind Energy Group Inc.,428096,2018-06-05,Climate,Climate,House of Commons
null,Naikun Wind Energy Group Inc.,428105,2018-06-05,Climate,Climate,House of Commons
Le Fonds Atmosphérique,The Atmospheric Fund,428398,2018-05-04,Climate,Climate,Finance Canada (FIN)
null,The International CCS Knowledge Centre,428508,2018-05-24,Climate,Climate,Natural Resources Canada (NRCan)
null,The International CCS Knowledge Centre,428509,2018-05-24,Climate,Climate,House of Commons
null,Heritage Gas Limited,428517,2018-05-14,Climate,Climate,House of Commons
Association canadienne des carburants,Canadian Fuels Association,428526,2018-05-11,Climate,Climate,House of Commons
null,Private Forest Landowners Association,428591,2018-05-01,Climate,Climate,House of Commons
Biocarburants avances Canada,Advanced Biofuels Canada,429424,2018-05-03,Climate,Climate,Environment and Climate Change Canada
null,CHAR Technologies,429536,2018-05-31,Climate,Climate,House of Commons
null,Nova Scotia Power Incorporated,429585,2018-05-29,Climate,Climate,Environment and Climate Change Canada
Association canadienne de L'hydroélectricité,Canadian Hydropower Association,429861,2018-05-03,Climate,Climate,Environment and Climate Change Canada
Association canadienne de L'hydroélectricité,Canadian Hydropower Association,429862,2018-05-30,Climate,Climate,Environment and Climate Change Canada
null,Federated Co-operatives Limited,430283,2018-06-20,Climate,Climate,Public Services and Procurement Canada
null,Federated Co-operatives Limited,430378,2017-09-25,Climate,Climate,Environment and Climate Change Canada
null,North Atlantic Refinery Ltd.,430483,2018-06-08,Climate,Climate,Environment and Climate Change Canada
null,North Atlantic Refinery Ltd.,430485,2018-06-08,Climate,Climate,House of Commons
null,North Atlantic Refinery Ltd.,430487,2018-06-19,Climate,Climate,Environment and Climate Change Canada
null,North Atlantic Refinery Ltd.,430497,2018-07-06,Climate,Climate,House of Commons
Association canadienne des carburants,Canadian Fuels Association,430562,2018-06-26,Climate,Climate,Environment and Climate Change Canada
Équiterre,null,430602,2017-05-16,Climate,Climat,Environment and Climate Change Canada
null,Samsung Renewable Energy Inc.,430812,2018-06-20,Climate,Climate,Natural Resources Canada (NRCan)
Mobilité Électrique Canada,Electric Mobility Canada,430825,2018-06-01,Climate,Climate,Transport Canada (TC)
Mobilité Électrique Canada,Electric Mobility Canada,430827,2018-06-26,Climate,Climate,Transport Canada (TC)
Mobilité Électrique Canada,Electric Mobility Canada,430828,2018-06-26,Climate,Climate,Global Affairs Canada
Mobilité Électrique Canada,Electric Mobility Canada,430830,2018-06-26,Climate,Climate,"Innovation, Science and Economic Development Canada"
null,Heritage Gas Limited,430831,2018-06-08,Climate,Climate,House of Commons
Mobilité Électrique Canada,Electric Mobility Canada,430832,2018-06-26,Climate,Climate,Natural Resources Canada (NRCan)
Mobilité Électrique Canada,Electric Mobility Canada,430834,2018-06-26,Climate,Climate,Prime Minister's Office (PMO)
null,Heritage Gas Limited,430836,2018-06-20,Climate,Climate,Environment and Climate Change Canada
null,Tesla Motors Canada ULC,430967,2018-06-26,Climate,Climate,Environment and Climate Change Canada
null,Tesla Motors Canada ULC,430971,2018-06-21,Climate,Climate,Environment and Climate Change Canada
null,TNC Canada,431049,2018-06-13,Climate,Climate,Prime Minister's Office (PMO)
null,Carbon Engineering Ltd.,431121,2018-06-14,Climate,Climate,Environment and Climate Change Canada
Greengate Power Corporation,Greengate Power Corporation,431123,2018-06-19,Climate,Climate,"Innovation, Science and Economic Development Canada"
null,Plastics Sustainability Coalition,431280,2018-06-19,Climate,Climate,Environment and Climate Change Canada
null,Plastics Sustainability Coalition,431282,2018-06-19,Climate,Climate,House of Commons
null,Plastics Sustainability Coalition,431284,2018-06-19,Climate,Climate,Natural Resources Canada (NRCan)
null,Plastics Sustainability Coalition,431286,2018-06-19,Climate,Climate,House of Commons
null,Plastics Sustainability Coalition,431288,2018-06-20,Climate,Climate,Senate of Canada
null,EcoJustice,431402,2018-07-13,Climate,Climate,Environment and Climate Change Canada
null,EcoJustice,431403,2018-07-13,Climate,Climate,Environment and Climate Change Canada
null,Energy Storage Canada,431404,2018-07-12,Climate,Climate,Environment and Climate Change Canada
null,Loblaw Companies Limited,431507,2018-07-18,Climate,Climate,Transport Canada (TC)
null,General Fusion Inc,431513,2018-03-29,Climate,Climate,"Innovation, Science and Economic Development Canada"
null,General Fusion Inc,431514,2018-03-29,Climate,Climate,"Innovation, Science and Economic Development Canada"
null,General Fusion Inc,431515,2018-04-05,Climate,Climate,"Innovation, Science and Economic Development Canada"
null,General Fusion Inc,431516,2018-04-26,Climate,Climate,"Innovation, Science and Economic Development Canada"
null,General Fusion Inc,431517,2018-06-24,Climate,Climate,"Innovation, Science and Economic Development Canada"
null,General Fusion Inc,431518,2018-06-25,Climate,Climate,"Innovation, Science and Economic Development Canada"
null,General Fusion Inc,431519,2018-06-25,Climate,Climate,House of Commons
null,General Fusion Inc,431521,2018-06-27,Climate,Climate,"Innovation, Science and Economic Development Canada"
null,General Fusion Inc,431522,2018-06-28,Climate,Climate,"Innovation, Science and Economic Development Canada"
null,EcoJustice,431635,2018-07-24,Climate,Climate,Senate of Canada
Greengate Power Corporation,Greengate Power Corporation,431691,2018-07-06,Climate,Climate,Western Economic Diversification Canada (WD)
null,Mohawk College,431788,2018-07-19,Climate,Climate,House of Commons
null,Federated Co-operatives Limited,431930,2018-07-13,Climate,Climate,Environment and Climate Change Canada
null,Federated Co-operatives Limited,431931,2018-07-19,Climate,Climate,Environment and Climate Change Canada
null,Federated Co-operatives Limited,431943,2018-07-10,Climate,Climate,House of Commons
null,Federated Co-operatives Limited,431944,2018-07-10,Climate,Climate,House of Commons
Le Fonds Atmosphérique,The Atmospheric Fund,432066,2018-07-30,Climate,Climate,Natural Resources Canada (NRCan)
Toyota Canada Inc. (via Casacom),Toyota Canada Inc. (through Casacom),432092,2018-07-04,Climate,Climate,Transport Canada (TC)
null,Tesla Motors Canada ULC,432132,2018-07-12,Climate,Climate,Environment and Climate Change Canada
null,Tesla Motors Canada ULC,432133,2018-07-31,Climate,Climate,Environment and Climate Change Canada
null,General Fusion Inc,432204,2018-07-27,Climate,Climate,"Innovation, Science and Economic Development Canada"
null,General Fusion Inc,432206,2018-08-04,Climate,Climate,"Innovation, Science and Economic Development Canada"
null,Canadian Natural Resources Limited,432405,2018-07-05,Climate,Climate,Western Economic Diversification Canada (WD)
Centre québécois du droit de L'environnement,Quebec Center for Environmental Law,432464,2018-07-27,Climate,Climat,Environment and Climate Change Canada
null,General Fusion Inc,432658,2018-08-15,Climate,Climate,"Innovation, Science and Economic Development Canada"
null,General Fusion Inc,432659,2018-08-16,Climate,Climate,Environment and Climate Change Canada
Reseau Action Climat Canada,Climate Action Network Canada,432670,2018-07-03,Climate,Climate,Environment and Climate Change Canada
Reseau Action Climat Canada,Climate Action Network Canada,432703,2018-08-06,Climate,Climate,Environment and Climate Change Canada
Reseau Action Climat Canada,Climate Action Network Canada,432707,2018-08-09,Climate,Climate,Environment and Climate Change Canada
null,Canadian Natural Resources Limited,432751,2018-07-09,Climate,Climate,Global Affairs Canada
Reseau Action Climat Canada,Climate Action Network Canada,432830,2018-08-14,Climate,Climate,Environment and Climate Change Canada
null,Carbon Engineering Ltd.,432832,2018-07-27,Climate,Climate,Environment and Climate Change Canada
null,Federated Co-operatives Limited,432860,2018-07-19,Climate,Climate,Environment and Climate Change Canada
null,Federated Co-operatives Limited,432861,2018-07-17,Climate,Climate,Environment and Climate Change Canada
Reseau Action Climat Canada,Climate Action Network Canada,432900,2018-08-24,Climate,Climate,Environment and Climate Change Canada
Reseau Action Climat Canada,Climate Action Network Canada,432926,2018-08-13,Climate,Climate,Environment and Climate Change Canada
Reseau Action Climat Canada,Climate Action Network Canada,433047,2018-08-28,Climate,Climate,Environment and Climate Change Canada
Reseau Action Climat Canada,Climate Action Network Canada,433050,2018-08-29,Climate,Climate,Environment and Climate Change Canada
Reseau Action Climat Canada,Climate Action Network Canada,433052,2018-09-04,Climate,Climate,Environment and Climate Change Canada
null,Tesla Motors Canada ULC,433148,2018-08-28,Climate,Climate,Natural Resources Canada (NRCan)
null,Tesla Motors Canada ULC,433154,2018-08-28,Climate,Climate,Environment and Climate Change Canada
null,Tesla Motors Canada ULC,433156,2018-08-31,Climate,Climate,Environment and Climate Change Canada
null,Tesla Motors Canada ULC,433158,2018-08-01,Climate,Climate,Environment and Climate Change Canada
null,Tesla Motors Canada ULC,433159,2018-08-30,Climate,Climate,Environment and Climate Change Canada
null,Federated Co-operatives Limited,433208,2018-08-14,Climate,Climate,Environment and Climate Change Canada
null,Federated Co-operatives Limited,433209,2018-08-14,Climate,Climate,Natural Resources Canada (NRCan)
null,Federated Co-operatives Limited,433213,2018-08-15,Climate,Climate,Environment and Climate Change Canada
null,Federated Co-operatives Limited,433217,2018-08-15,Climate,Climate,House of Commons
null,The International CCS Knowledge Centre,433370,2018-08-20,Climate,Climate,House of Commons
null,The International CCS Knowledge Centre,433375,2018-08-20,Climate,Climate,Natural Resources Canada (NRCan)
null,Canadian Natural Resources Limited,433442,2018-08-16,Climate,Climate,Finance Canada (FIN)
null,Canadian Natural Resources Limited,433443,2018-08-16,Climate,Climate,Natural Resources Canada (NRCan)
Association canadienne des carburants,Canadian Fuels Association,433461,2018-08-15,Climate,Climate,"Innovation, Science and Economic Development Canada"
null,Inter Pipeline Ltd.,433827,2018-08-23,Climate,Climate,Environment and Climate Change Canada
Centre québécois du droit de L'environnement,Quebec Center for Environmental Law,433972,2018-08-08,Climate,Climat,Environment and Climate Change Canada
null,Federated Co-operatives Limited,433973,2018-09-14,Climate,Climate,Natural Resources Canada (NRCan)
null,Federated Co-operatives Limited,433974,2018-09-14,Climate,Climate,Finance Canada (FIN)
null,Electricity Distributors Association,434267,2018-09-24,Climate,Climate,Environment and Climate Change Canada
null,Electricity Distributors Association,434268,2018-09-24,Climate,Climate,Environment and Climate Change Canada
null,Tesla Motors Canada ULC,434848,2018-09-04,Climate,Climate,Environment and Climate Change Canada
null,Tesla Motors Canada ULC,435008,2018-09-15,Climate,Climate,Environment and Climate Change Canada
null,Federated Co-operatives Limited,435136,2018-09-14,Climate,Climate,Environment and Climate Change Canada
null,Federated Co-operatives Limited,435139,2018-09-14,Climate,Climate,Natural Resources Canada (NRCan)
null,Federated Co-operatives Limited,435143,2018-09-14,Climate,Climate,Finance Canada (FIN)
null,Federated Co-operatives Limited,435146,2018-09-14,Climate,Climate,Environment and Climate Change Canada
null,Federated Co-operatives Limited,435166,2018-09-11,Climate,Climate,Natural Resources Canada (NRCan)
L'Eglise Unie du Canada,The United Church of Canada,435191,2018-09-07,Climate,Climate,House of Commons
null,NextEra Canada Development LP,435228,2018-09-25,Climate,Climate,Environment and Climate Change Canada
null,Federated Co-operatives Limited,435250,2018-09-11,Climate,Climate,Finance Canada (FIN)
Greengate Power Corporation,Greengate Power Corporation,435350,2018-09-25,Climate,Climate,Natural Resources Canada (NRCan)
Suncor Énergie Inc.,Suncor Energy Inc.,435819,2018-09-13,Climate,Climate,Natural Resources Canada (NRCan)
null,BUSINESS COUNCIL OF BRITISH COLUMBIA,436042,2018-09-05,Climate,Climate,Finance Canada (FIN)
null,Dow Chemical Canada ULC,436651,2018-10-29,Climate,Climate,Environment and Climate Change Canada
Lobby Climatique des Citoyens,Citizens' Climate Lobby Canada,436817,2018-10-15,Climate,Climate,House of Commons
Lobby Climatique des Citoyens,Citizens' Climate Lobby Canada,436863,2018-10-15,Climate,Climate,House of Commons
Lobby Climatique des Citoyens,Citizens' Climate Lobby Canada,436864,2018-10-15,Climate,Climate,House of Commons
Lobby Climatique des Citoyens,Citizens' Climate Lobby Canada,436865,2018-10-15,Climate,Climate,House of Commons
Lobby Climatique des Citoyens,Citizens' Climate Lobby Canada,436866,2018-10-16,Climate,Climate,Senate of Canada
Lobby Climatique des Citoyens,Citizens' Climate Lobby Canada,436867,2018-10-16,Climate,Climate,House of Commons
Lobby Climatique des Citoyens,Citizens' Climate Lobby Canada,436868,2018-10-15,Climate,Climate,House of Commons
Lobby Climatique des Citoyens,Citizens' Climate Lobby Canada,436869,2018-10-15,Climate,Climate,House of Commons
Lobby Climatique des Citoyens,Citizens' Climate Lobby Canada,436870,2018-10-16,Climate,Climate,House of Commons
Lobby Climatique des Citoyens,Citizens' Climate Lobby Canada,436871,2018-09-05,Climate,Climate,House of Commons
L'Association des administrations portuaires canadiennes,Association of Canadian Port Authorities (ACPA),437033,2018-10-25,Climate,Climate,Senate of Canada
Association canadienne de L'hydroélectricité,Canadian Hydropower Association,437409,2018-09-27,Climate,Climate,Senate of Canada
null,Walker Environmental Group Inc.,437415,2018-11-06,Climate,Climate,Environment and Climate Change Canada
null,Walker Environmental Group Inc.,437416,2018-11-06,Climate,Climate,Environment and Climate Change Canada
null,Walker Environmental Group Inc.,437417,2018-11-06,Climate,Climate,House of Commons
null,Walker Environmental Group Inc.,437418,2018-11-07,Climate,Climate,House of Commons
Équiterre,null,437610,2018-10-09,Climate,Climat,Environment and Climate Change Canada
Équiterre,null,437612,2018-10-11,Climate,Climat,Transport Canada (TC)
Équiterre,null,437613,2018-10-11,Climate,Climat,"Innovation, Science and Economic Development Canada"
Équiterre,null,437614,2018-10-18,Climate,Climat,House of Commons
Équiterre,null,437616,2018-10-18,Climate,Climat,Environment and Climate Change Canada